{"cameraMode":{"drawMode":0,"name":"Shaded","section":"Shading Mode"},"sceneLighting":true,"audioPlay":false,"sceneViewState":{"m_AlwaysRefresh":false,"showFog":true,"showSkybox":true,"showFlares":true,"showImageEffects":true,"showParticleSystems":true,"showVisualEffectGraphs":true,"m_FxEnabled":true},"in2DMode":false,"pivot":{"x":-0.11408960819244385,"y":0.7231276035308838,"z":-0.46947380900382998},"rotation":{"x":-0.27213242650032046,"y":-0.630752444267273,"z":0.2520347237586975,"w":-0.6822419166564941},"size":0.8660253882408142,"orthographic":false}